<?xml version="1.0" encoding="utf-8"?>

<odoo>
    <data noupdate="1">

        <record id="module_category_campus_management_id" model="ir.module.category">
            <field name="name">Campus Management System</field>
            <field name="sequence">20</field>
        </record>

        <record id="group_cms_student_officer_id" model="res.groups">
            <field name="name">Student Officer</field>
            <field name="category_id" ref="module_category_campus_management_id"/>
        </record>

        <record id="group_cms_student_manager_id" model="res.groups">
            <field name="name">Student Manager</field>
            <field name="category_id" ref="module_category_campus_management_id"/>
        </record>

        <record id="group_cms_student_administrator_id" model="res.groups">
            <field name="name">Student Administrator</field>
            <field name="category_id" ref="module_category_campus_management_id"/>
            
            <!-- Users added to this group are automatically added in the Campus User group (Inherited)-->
			<field name="implied_ids" eval="[(4, ref('group_cms_student_officer_id')),(4, ref('group_cms_student_manager_id'))]"/>        
		</record>

        <!-- Creating Records Rules -->
        <record id="record_rule_cms_student_officer_id" model="ir.rule">
            <field name="name">Officers can only read their own created records</field>
            <field name="model_id" ref="model_cms_student"/>
            <field name="domain_force">[('user_id','=',user.id)]</field>
            <field name="groups" eval="[(4, ref('cms_student.group_cms_student_officer_id'))]"/>
        </record>

    </data>
</odoo>
