<?xml version="1.0" encoding="utf-8"?>

<odoo>
    <data noupdate="1">
        <record id="sequence_cms_student_id" model="ir.sequence">
            <field name="name">cms.student.name</field>
            <field name="code">cms.student.code</field>
            <field name="prefix">S</field>
            <field name="suffix">E</field>
            <field name="padding">5</field>
            <field eval="1" name="number_next"/>
            <field eval="1" name="number_increment"/>
        </record>
    </data>
</odoo>
